<beans xmlns="http://www.springframework.org/schema/beans"
    xmlns:xsi="http://www.w3.org/2001/XMLSchema-instance"
    xmlns:context="http://www.springframework.org/schema/context"
    xmlns:mvc="http://www.springframework.org/schema/mvc"
    xsi:schemaLocation="http://www.springframework.org/schema/beans
    http://www.springframework.org/schema/beans/spring-beans-3.0.xsd
    http://www.springframework.org/schema/mvc
    http://www.springframework.org/schema/mvc/spring-mvc-3.0.xsd       
    http://www.springframework.org/schema/context
    http://www.springframework.org/schema/context/spring-context-3.0.xsd">

   <context:component-scan base-package="com.gcu" />
   <mvc:annotation-driven />
   <mvc:resources mapping="/resources/**" location="/WEB-INF/resources/"/>
 
  	<bean id="viewResolver" class="org.springframework.web.servlet.view.tiles3.TilesViewResolver"/>
 	<bean id="tilesConfigurer" class="org.springframework.web.servlet.view.tiles3.TilesConfigurer">
		<property name="definitions">
			<list>
				<value>/WEB-INF/layouts/layouts.xml</value>
				<value>/WEB-INF/layouts/views.xml</value>
			</list>
		</property>
	</bean>
	
	
	<bean id="artistDataAccessObject" class="com.gcu.dao.ArtistDataAccessObject"> </bean>
	<bean id="userDataAccessObject" class="com.gcu.dao.UserDataAccessObject"> </bean>
	<bean id="genreDataAccessObject" class="com.gcu.dao.GenreDataAccessObject"> </bean>
	<bean id="albumDataAccessObject" class="com.gcu.dao.AlbumDataAccessObject"> </bean>
	
	<bean id="albumDataAccessService" class="com.gcu.business.AlbumDataAccessService"> 
		<property name="albumDataAccessObject" ref="albumDataAccessObject"/>
	</bean>
	
	<bean id="artistDataAccessService" class="com.gcu.business.ArtistDataAccessService"> 
		<property name="artistDataAccessObject" ref="artistDataAccessObject"/>
	</bean>
	
	<bean id="genreDataAccessService" class="com.gcu.business.GenreDataAccessService"> 
		<property name="genreDataAccessObject" ref="genreDataAccessObject"/>
	</bean>
	
	
	<bean id="securityService" class="com.gcu.business.UserDataAccessService">
		<property name="userDataAccessObject" ref="userDataAccessObject"/>
	</bean>
	
	<bean id="dataAccessService" class="com.gcu.business.UserDataAccessService"> 
		<property name="userDataAccessObject" ref="userDataAccessObject"/>
	</bean>
	
 	
  	<bean id="userController" class="com.gcu.controller.UserController" >
		<property name="securityService" ref="securityService"/>
		<property name="dataAccessService" ref="dataAccessService"/>
		<property name="artistDataAccessService" ref="artistDataAccessService"/>
		<property name="genreDataAccessService" ref="genreDataAccessService"/>
		<property name="albumDataAccessService" ref="albumDataAccessService"/>
	</bean>
	
	
	
   
 </beans>